<?xml version="1.0" encoding="UTF-8"?>
<project-private xmlns="http://www.netbeans.org/ns/project-private/1">
    <editor-bookmarks xmlns="http://www.netbeans.org/ns/editor-bookmarks/2" lastBookmarkId="1">
        <file>
            <url>src/modelo/Funcionario.java</url>
            <bookmark id="1">
                <name/>
                <line>25</line>
                <key/>
            </bookmark>
        </file>
    </editor-bookmarks>
    <open-files xmlns="http://www.netbeans.org/ns/projectui-open-files/2">
        <group>
            <file>file:/C:/Users/Aluno/Downloads/DoceSabor/src/modelo/Consumidor.java</file>
            <file>file:/C:/Users/Aluno/Downloads/DoceSabor/src/visao/TelaLogin.java</file>
            <file>file:/C:/Users/Aluno/Downloads/DoceSabor/src/banco/DoceSabor.sql</file>
            <file>file:/C:/Users/Aluno/Downloads/DoceSabor/src/visao/TelaManutencaoConsumidor.java</file>
            <file>file:/C:/Users/Aluno/Downloads/DoceSabor/src/visao/TelaManutencaoFuncionario.java</file>
        </group>
    </open-files>
</project-private>
